{"text": " Hello, this is a test, my name is Guido, please transcribe this.", "segments": [{"id": 0, "seek": 0, "start": 0.0, "end": 5.0, "text": " Hello, this is a test, my name is Guido, please transcribe this.", "tokens": [50364, 2425, 11, 341, 307, 257, 1500, 11, 452, 1315, 307, 2694, 2925, 11, 1767, 1145, 8056, 341, 13, 50614], "temperature": 0.0, "avg_logprob": -0.33039731071108863, "compression_ratio": 1.0, "no_speech_prob": 0.061779044568538666}], "language": "en"}