{"text": " We, the people of the United States, in order to form a more perfect union, establish justice, ensure domestic tranquility, provide for the common defense, promote the general welfare, and secure the blessings of liberty to ourselves and our posterity, to ordain and establish this constitution for the United States of America.", "segments": [{"id": 0, "seek": 0, "start": 0.0, "end": 5.88, "text": " We, the people of the United States, in order to form a more perfect union, establish justice,", "tokens": [50364, 492, 11, 264, 561, 295, 264, 2824, 3040, 11, 294, 1668, 281, 1254, 257, 544, 2176, 11671, 11, 8327, 6118, 11, 50658], "temperature": 0.0, "avg_logprob": -0.23068171984528843, "compression_ratio": 1.607843137254902, "no_speech_prob": 0.028364375233650208}, {"id": 1, "seek": 0, "start": 5.88, "end": 10.98, "text": " ensure domestic tranquility, provide for the common defense, promote the general welfare,", "tokens": [50658, 5586, 10939, 17640, 1140, 11, 2893, 337, 264, 2689, 7654, 11, 9773, 264, 2674, 17788, 11, 50913], "temperature": 0.0, "avg_logprob": -0.23068171984528843, "compression_ratio": 1.607843137254902, "no_speech_prob": 0.028364375233650208}, {"id": 2, "seek": 0, "start": 10.98, "end": 14.34, "text": " and secure the blessings of liberty to ourselves and our posterity,", "tokens": [50913, 293, 7144, 264, 19296, 295, 22849, 281, 4175, 293, 527, 17171, 507, 11, 51081], "temperature": 0.0, "avg_logprob": -0.23068171984528843, "compression_ratio": 1.607843137254902, "no_speech_prob": 0.028364375233650208}, {"id": 3, "seek": 0, "start": 14.34, "end": 18.84, "text": " to ordain and establish this constitution for the United States of America.", "tokens": [51081, 281, 4792, 491, 293, 8327, 341, 11937, 337, 264, 2824, 3040, 295, 3374, 13, 51306], "temperature": 0.0, "avg_logprob": -0.23068171984528843, "compression_ratio": 1.607843137254902, "no_speech_prob": 0.028364375233650208}], "language": "en"}